Index,First Name
1,Angelina
1,Rahma
1,Olvy
1,Elisabeth
2,Sandeep
2,R.
2,Ch.
3,Thalea
3,Agung
3,Satria
3,Elsa
4,Xiaoxuan
4,Lin
4,Renee
4,Jiamou
4,Mengxiao
5,Lumka
5,Frank
6,Wattana
6,Li
6,Gaurav
6,Zhuming
7,Hafsa
7,Abdelsalam
8,Khadidja
8,Saida
9,Patricia
9,Jennifer
9,José
9,Manuel
10,Teoman
10,Ege
10,Stanley
10,Alper
10,Akhan
11,Teoman
11,Ege
11,Stanley
11,Alper
11,Akhan
12,Esra
12,Maram
12,Latifa
12,Bariq
13,Abdelhadi
13,Lotfi
13,Khalid
13,Mohammed
14,Luke
14,Muhammad
14,Jun
15,Nina
15,Dušanka
15,Darko
15,Teodora
15,Marina
16,Christian
16,Tobias
16,Deborah
16,Imran
17,Nripesh
17,Manjushri
17,Shabana
17,Vaibhava
17,Rajendra
18,Furqan
18,Hanif
18,Muharman
19,Amin
19,Jian
19,Quan
19,Boualem
19,Fabio
19,Schahram
19,Hamid
19,Xuyun
19,Shan
20,Juan
20,Carla
20,Martin
21,Lithemba
21,Lumka
22,Taufiq
22,Hanif
22,Hanif
23,Ghiurău
23,Doina
23,Robert-Ştefan
23,Cornelia
24,Kulvinder
24,Honey
24,Guruvi
24,Hatesh
25,Xiuxian
25,Guiling
25,Yongpeng
25,Jian
26,Aelita
26,Igor
26,Vladimir
27,Valeria
27,Juan
27,Juan
27,Alberto
28,Berlyan
28,Mahendrawathi
29,Varbinka
29,Ivan
29,Petko
30,Silvia
30,Henrique
30,Arnaldo
31,Elkodssi
31,Sbai
31,Kabil
32,Florian
32,Yusuf
32,Manfred
33,Sanam
33,Khurram
34,Steven
34,Win
35,Gloria
35,Vanessa
35,Martin
35,Juan
36,Naoufel
36,Abderrahmane
36,Pierre
36,Imen
36,Hafedh
37,Christian
37,Leslie
37,Alberto
38,Katherine
38,Jhon
38,Guisselle
38,César
38,Daniel
38,Aymer
38,Katherine
39,Finn
39,Leon
39,Jennifer
39,Luise
40,Muhammad
40,Anna
40,Muhammad
41,Jindong
41,Minghao
42,Ramakrishna
42,Naseem
42,Riktesh
42,Saigeeta
42,Haitham
43,Iman
43,Hanae
44,Hanif
44,Hanif
44,Muharman
45,Majid
46,Alessia
46,Isaak
46,Vincenzo
46,Raffaele
46,Francesco
46,Simone
46,Concetto
46,Daniela
47,Cristina
47,Manuel
47,Antonio
48,N.
48,R.
48,R.
48,N.
49,Teoman
49,Alper
49,Akhan
50,Vladimir
50,Anatoliy
51,Rami
51,Vladimir
51,Anna
51,Daniel
51,Konstantin
52,Elisa
52,Hugo
53,Ford
53,Grahita
53,Tokuro
54,Sameer
54,Shikha
54,Renjith
54,Dinesh
54,Manu
54,Manoj
55,Hao-Wei
55,Chao-Hung
55,Chia-I
56,Bayu
56,Irfan
57,T.
57,I.
57,K.
58,Isabel
58,Jorge
58,Vicente
58,Germán
58,Antonio
58,Rafael
59,Hangu
59,Elahe
59,Vadim
59,Irene
59,Ngoc
59,Octavian
59,Petros
60,Guiling
60,Jun
60,Jing
60,Jian
60,Liang
60,Yanbo
61,Natalia
61,Krzysztof
61,Piotr
61,Mateusz
61,Antoni
62,Abhijeet
62,Mario
62,Chiara
62,Sabrina
62,Mara
63,Kai
64,Rizal
64,Habib
64,Desi
65,Sowmya
65,Gopalakrishna
66,Bixing
66,Qingrui
66,Weiping
66,Lu
67,Toufah
67,El
68,Osama
68,Ahmad
68,Suhair
68,Rawad
69,Tobias
69,Lars
70,Bowen
70,Wanchun
70,Xiaokang
70,Xuyun
70,Lianyong
70,Fei
70,Chaochao
71,Kevin
71,María
71,Juan
71,Ezilda
72,Yusuf
72,Florian
72,Manfred
73,Jana
73,Patrik
73,Roberta
74,Yichun
74,Lei
74,Jiajun
74,Fengshou
74,Shubin
74,Qi
74,Longwei
74,Yimei
75,Wattana
75,Li
75,Dusit
75,Zhuming
75,Danupol
76,A.
76,Ravinjit
76,S.
76,A.
77,Teoman
77,Ege
77,Alper
77,Akhan
78,Roberto
78,Manuel
78,Paola
78,Jaime
78,Gabriela
79,Ala
79,Emiliano
79,Massimo
79,Giuseppe
80,Ignacio
80,Mario
80,Marcos
81,Kristóf
81,Zoltán
82,Stephen
82,Lew
82,Vernon
82,Jeffrey
82,Alan
82,Brian
83,Shavneet
83,Gurmeet
83,Paul
83,Sascha
83,Yogesh
84,Wattana
84,Li
84,Gaurav
84,Assadaporn
84,Vitara
84,Zhuming
85,Wei
85,Jian
85,Yang
85,Shiyou
86,Akhil
86,Rong
87,Moon-Sook
87,Young-Koo
87,Dinh-Lam
87,Kwanghoon
88,Tullio
88,Giuseppe
89,Natalja
89,Kaspars
89,Andrejs
89,Oksana
90,Feifei
90,Chuanyi
90,Jidong
90,Lijie
90,Zhongjin
90,Bin
91,Jian
91,Naixuan
91,Shiyou
91,Wei
92,Ziyad
93,Aldy
93,Nur
93,Khalida
94,Fatemeh
94,Iman
95,Yunuo
95,Leilei
95,Ying
95,Xiaohe
95,Wenlong
96,Philipp
96,Manfred
97,Evelyn
97,Michael
97,Santiago
97,Eric
98,Jiaxing
98,Ying
98,Wuyuan
98,Xusheng
99,Nga
99,Lam-Son
100,Wei
100,Jian
100,Yan
100,Yang
100,Shiyou
101,Konstantinos
101,Anastasios
101,Alexandros
101,Panagiotis
102,Luiz
102,Sheila
102,Adriano
102,Eduardo
102,Edson
103,Xiao-bo
103,Li-jiao
103,Xiao-jing
103,Qi
103,Wen-dou
103,Bai-juan
104,Serra
104,Mahendrawathi
104,Ika
104,Agus
105,Farhath
105,Poorna
105,Haritha
105,Yasiru
105,Dasuni
105,Buddhima
106,Aleksandar
106,Dominik
106,Henderik
107,Burcu
107,Berat
107,Tacha
108,Ahmad
108,Sattam
108,Manuel
108,Alberto
109,Omid
109,Mohammad
109,Shokoofeh
110,Satish
110,Praveen
110,Anusha
110,Ranjith
111,Maglioni
111,Maribel
111,Maria
112,Daassa
112,Machhout
112,Sonia
112,Aguili
113,Nitika
113,Ankush
113,Atul
113,Irfan
114,Martin
115,Evelyn
115,Manuel
115,Carlos
115,Orkun
115,José
116,Jana
116,Patrik
116,Peter
117,Shuaipeng
117,Lanju
117,Yongqing
117,Cong
117,Lizhen
118,Hangyu
118,Guosheng
118,Jianxun
118,Yiping
118,Buqing
118,Zhen
119,Mohd
119,Mini
119,V
119,Atul
119,Aboothar
119,B
120,Andrii
120,Dmytro
120,Sergey
121,Edmond
121,Zhengtao
121,Pengwen
121,Aiguo
121,Li-Min
121,Mengsun
122,Pankaj
122,Murali
122,Prakash
122,Amit
122,Ashudeb
123,Kapil
123,V
123,SP
123,Mohanasankar
124,Claudia
124,Maria
124,Filippo
124,Marco
125,Damien
125,Mathieu
125,Olivier
125,Benoit
125,Jean-Marc
125,Jörg
126,Paolo
126,Andrea
127,Pavani
127,Stephan
127,Ivan
127,Monique
128,Ary
128,Daniel
129,Mohammad
129,Ilham
129,Putra
129,Aryansyah
130,Ali
130,Salama
130,Mohd
130,Dheyaa
130,Shihab
130,Mustafa
131,Tjalling
131,Jeewanie
131,Faiza
132,B.
132,B.
133,Jamal
133,Hatim
133,Mahmoud
134,Isuru
134,Samantha
135,Nungki
135,Arti
135,Hayuning
136,Na
136,Mingxiu
137,Virginia
137,Cristina-Claudia
137,Camelia
137,Adrian
138,Ranjana
138,Shambhu
138,Sarthika
138,Mayank
139,Rizwana
140,Jihed
140,Maha
140,José-Luis
141,Hend
141,Ali
141,Hamdy
141,Wafeek
142,Trifon
142,Stoyan
142,Damyan
142,Hristo
142,Galina
143,Somayeh
143,Shohreh
144,Massimiliano
144,Alessandro
144,Luca
145,Benyuan
145,Hesuan
146,Leilei
146,Lijie
146,Li
146,Jisheng
146,Hedong
147,Dario
147,Leonardo
147,Andrea
147,Fernando
148,Martin
148,Markus
148,Matthias
149,Borys
149,Maksym
149,Marco
149,George
149,Matthias
149,Helmut
150,Changhong
150,Dengliang
150,Deyan
150,Cong
151,Simone
151,Birgit
151,Jan
151,Tobias
151,Michael
151,Stjepan
151,Oliver
152,Anton
152,Claudio
152,Jan
152,Artem
153,Jisheng
153,Lijie
153,Xiaojun
153,Akhil
154,Rachel
154,Marcus
154,Ana
154,Carlos
154,Yuri
154,Jano
155,Donato
155,Giuseppe
155,Gianfranco
156,Jingwei
156,Jun
156,Liang
156,Hong-Linh
157,Jun
157,Jingwei
157,Liang
158,Fabio
158,Daniela
159,Mohammad
159,Mansour
160,Liming
160,Liang
161,Jiaxin
161,Lili
162,Małgorzata
162,Mariusz
162,Mateusz
162,Krzysztof
162,Dominik
163,Mehrdad
163,Mehrdad
163,Elmira
164,Muhammad
164,Angelina
164,Gede
165,Melina
165,George
165,Dimitris
166,Iman
166,Sbai
166,Kabil
167,Siamak
167,Izaak
167,Slinger
168,Asma
168,Karim
168,Brahim
169,Paola
169,Montijn
169,Banu
169,Oktay
169,Jan
170,Artem
171,Yu.
172,Xueyi
173,Mouhamed
173,Haithem
174,Nélia
174,Darli
174,Eduardo
174,Alencar
174,Helga
175,Daniel
175,Elisabetta
175,Davide
175,Wil
176,Meng
176,Xue
177,Jiyoon
178,Ameni
178,Haithem
178,Lamjed
179,Emilio
179,Ilaria
179,Marco
179,Guido
179,Renata
179,Marco
179,Paolo
179,Serena
180,Tobias
180,Thomas
180,Michael
180,Falk
181,Alif
181,Imam
181,Muhammad
181,Dohee
181,Yongjae
181,Hyerim
182,Janusz
182,Marek
182,Przemysław
183,Victoria
183,Andrii
183,Yevhen
183,Dmytro
183,Zhengbing
183,Valentyna
184,Baris
184,Marijn
184,Oktay
184,Hajo
185,Nisseb
185,Sonia
186,H.
186,N.R.T.P.
187,Nikolaos
187,George
187,Kostas
188,Laura
188,Sebastian
188,Franziska
188,Maximilian
188,Philipp
189,Myriam
189,Fabian
189,Nicolas
189,Christoph
189,Christian
189,Axel
190,Faria
190,Arik
190,Junda
190,Eldan
190,Eric
190,Sebastian
190,Allen
191,António
191,José
191,Ana
192,Casper
192,Bendik
192,Egil
193,Dániel
193,Bálint
193,Viktor
194,Christina
194,Richard
194,Christian
195,Alireza
195,Shideh
195,Ali
196,Maurice
196,Milliam
196,Didier
197,Xiaoxiao
197,Yijie
197,Hujun
198,Fatima
198,Amal
198,Bouchra
199,Audrius
199,Daina
199,Rimantas
199,Ilona
199,Vytautas
199,Saulius
200,Lam-Son
201,Xiaoxiao
201,Siqing
201,Yuke
201,Dongjin
202,Muhammad
202,Fredrik
202,Marlon
203,Andreas
203,Arthur
203,Wolfgang
203,Sander
203,Maximilian
203,Moe
204,Leo
204,Stefan
205,Tobias
205,Benedict
205,Maximilian
206,Thorsten
206,Marco
207,Han
207,Dalbir
207,Jiqiao
207,Xuting
208,Steven
208,Thomas
208,Jan
208,Jennifer
209,Argo
209,Antonius
209,Gabriel
209,Rosa
210,Flavia
210,Jerin
210,Francesco
210,Agnes
210,Massimo
211,Kerstin
211,Dorina
211,Mathias
212,Lu
212,Xiao
212,Man
212,Kang
212,Peng
213,Olena
213,Maryna
213,Borys
213,Anatoliy
213,Olena
214,Markus
214,Philip
214,Timo
214,Stefan
215,Vijay
215,Neeraj
215,Narayan
216,Xiaoxiao
216,Siqing
216,Chenying
216,Dongjin
217,Salvatore
217,Laura
217,Alberto
217,Fabrizio
218,Christoph
218,Stefan
219,Alexander
219,Philip
219,Maximilian
219,Christian
220,Ensi
220,Gerald
220,Sharon
221,N.
221,M.
221,T.
221,B.
221,N.
222,Aurélie
222,Audrey
222,Nicolas
222,Sébastien
222,Frederick
223,Jonathan
223,Katharina
223,Bernd
223,Christian
223,Sebastian
223,Roman
224,Saima
224,Syed
225,Jian
225,Guanjun
226,Yongwang
226,Xiangwei
226,Ke
227,Mahendrawathi
227,Natasha
227,Ivan
227,Ika
228,Artem
228,Arthur
228,Marcello
228,Chun
228,Anastasiia
229,Tahir
229,Amy
229,Aygun
230,Catarina
230,Henrique
230,João
231,Qianqian
231,Chifeng
232,Mario
232,Angelo
232,Marta
232,Andrea
233,Yusuf
233,Michael
233,Manfred
234,Fenxian
235,Maayan
235,Dan
236,Daoyu
236,Xianwen
237,Aaron
237,Timotheus
237,Luise
237,Ingo
238,Thanh-Hai
238,Kyoung-Sook
238,Dinh-Lam
238,Kwanghoon
239,Zhadra
239,Leilya
239,Shirin
239,Almagul
239,Marina
239,Aizhan
239,Mukhit
239,Elmira
240,Wil
240,Hajo
240,Laura
241,Gabriel
241,Souzanna
242,Giray
242,Cristina
242,Axel
243,Riad
243,Ghaida
243,Nada
244,Flavio
244,Alessandro
244,Andrea
244,Andrea
244,Barbara
244,Francesco
245,Alexandros
245,Athanasios
245,Silvester
245,Georgia
245,Georgios
245,Djamchid
246,Renata
246,Janice
246,Aneta
247,Jose
247,Roy
247,Eduardo
247,Juan
248,Denise
248,Elisaveta
248,Johanna
248,Martin
248,Katharina
248,Thomas
248,Oliver
249,Mohammed
249,Hind
250,Begoña
250,Mar
250,Patricia
250,Eloy
251,Gerta
251,Stefan
251,Philipp
251,Ingo
252,Kate
252,K.
252,D.
252,S.
253,Marlon
253,Fabiana
253,Lior
253,Andrea
253,Marco
253,Jana-Rebecca
253,Rafael
253,Diego
253,Giuseppe
253,Dirk
253,Avigdor
253,Marcello
253,Hagen
253,Ingo
254,Sergej
254,Bernhard
254,Dirk
255,Zijian
255,Qiang
255,Yu
255,Nan
255,Cong
255,Zhihui
255,Sheng
256,Rui
256,Qingtian
256,Weijian
256,Faming
256,Changhong
256,Wenyan
257,David
257,Marlon
258,Konstantinos
258,Georgia
258,Anastasios
259,Juergen
259,Joscha
259,Lukas
259,Matthias
259,Yannis
259,Janik-Vasily
259,Stefanie
259,Estefania
259,Ralph
260,Onur
261,Paolo
261,Andrea
261,Tommaso
262,Rafaela
262,Elton
262,Orlem
262,Márcia
262,Vanessa
262,Wlademir
263,Ilias
263,Antonia
263,Georgia
263,Alexandros
263,Athanasios
263,Georgios
264,Iris
264,Claudio
264,Hajo
264,Stefanie
264,Wasana
264,Andrea
264,Diego
264,Tianwa
264,Izack
264,Benoît
264,Gemma
264,Marlon
264,Christopher
264,Tobias
264,Dominik
264,Avigdor
264,Marta
264,Vatche
264,Christopher
264,Wolfgang
264,Henrik
264,Amy
264,Hugo
264,Sanja
264,Jan
264,Lara
264,Linda
264,Marco
264,Vinod
264,Manfred
264,Yara
264,Michael
264,Maximilian
264,Shazia
264,Ronny
264,Tijs
264,Mantas
264,Ida
264,Barbara
264,Ingo
264,Mathias
264,Francesca
265,Melita
266,S.
266,B.
267,Aleksandra
267,Ünal
268,Mufeed
268,S.K.
268,Belal
268,Omar
268,Issa
269,Apurvanand
269,Davide
269,Ludovico
269,Alfonso
270,Sh.D.
270,I.T.
270,A.E.
271,Marcia
271,Marina
271,Marcelo
271,Sarajane
271,Lucinéia
272,Mohamed
272,Abdeldjalil
272,Iskander
272,Abderrahmane
273,Jun
273,Yanan
273,Ou
273,Woon
274,Paul
274,Irene
274,Anna
274,Marco
274,Heiko
274,Estefania
274,Frank
274,Menno
274,Marcin
275,Ronny
275,Marco
275,Barbara
276,Vahid
276,Hanifa
276,Gerald
277,Hanandeh
277,Esraa
277,Atalla
277,Hanandeh
277,Qais
277,Mona
277,Saddam
278,Wil
279,Yael
279,Pnina
279,Irit
280,Nurgul
280,Abdul
280,Uskenbayeva
280,Joon
281,Rosa
281,Felipe
281,Joshua
281,Pedro
281,Lucia
281,Jeaneth
281,Gustavo
281,Edson
281,Vanessa
281,John
281,Bruna
282,Zeynep
282,Rik
282,Anna
282,Irene
283,Riadh
283,Zahra
283,Lamjed
284,Kelly
284,Riyanarto
284,Maisie
284,Chintya
285,Yaroslav
285,Yuliia
285,Valerii
285,Nelya
285,Yurii
286,Rong
286,Akhil
286,Juhnyoung
287,Giuseppe
287,Francesco
287,Fabrizio
287,Andrea
287,Fabio
288,Wil
288,Riccardo
288,Chiara
288,Chiara
288,Humam
289,Danni
289,Chaoxue
289,Genqing
289,Bilin
289,Tengteng
290,Yusuf
290,Florian
290,Michael
290,Manfred
291,Amin
292,Simone
292,Marco
292,Andrea
292,Massimo
293,Christopher
293,Linda
293,Wolfgang
293,Maximilian
294,Sami
294,Les
294,Issa
295,Ivan
295,Flavio
295,Fabrizio
295,Andrea
295,Barbara
295,Francesco
296,Barbara
296,Elias
296,Maria
296,Fotis
297,Sebastian
297,Linda
297,Peter
297,Maximilian
298,Bálint
298,Galena
298,Meriem
298,Yossra
299,Monika
300,Kelly
300,Riyanarto
300,Bhakti
300,Muhammad
301,Francesco
301,Fabrizio
301,Fabio
302,Mariia
302,Raimundas
302,Mari
303,Hongmei
303,Xi
303,Liang
303,Tiange
303,Xiaochun
304,Simone
304,Francesco
304,Fabrizio
304,Andrea
304,Fabio
305,Davide
305,Matteo
306,Achim
306,Maximilian
306,Christian
306,Rüdiger
306,Lukas
306,Marlies
306,Stephanie
306,Florian
306,Lars
306,Jens
306,Felix
306,Ralph
306,Guido
306,Norbert
306,Stefan
306,Ingo
306,Matthias
306,Benjamin
307,Banu
307,Anant
307,Maximilian
308,Faizan
308,Farooq
308,Arfat
308,Chitapong
309,Gediminas
309,Mantas
310,Fons
310,Petra
310,Rob
310,Jurian
311,Lukas
311,Maximilian
311,Ralph
312,Chahira
312,Mustapha
312,Adeel
312,Mohammed
313,Bastian
313,Markus
313,Brian
313,Kalle
313,Barbara
313,Thomas
313,Jan
313,Waldemar
314,Jaime
314,Felix
314,Pal
314,William
314,Alain
314,Dániel
314,Jerker
315,Eashwar
315,Paras
316,Tobias
316,Dominik
316,Sander
316,Maximilian
316,Moe
317,Fahad
318,Reiner
318,Sven
318,Wilhelm
319,Hang
319,Xianwen
319,Huan
320,Ricardo
321,Mustafa
322,Weijian
322,Ming
322,Tong
322,Qingtian
323,Sercan
323,P.
323,Altan
324,Zaeem
324,Dalbir
324,Elaheh
325,Robert
325,Grzegorz
326,Yousra
326,Yanyan
327,Christina
327,Aphrodite
328,Justyna
328,Marek
329,Julian
329,Christian
330,Marek
330,Justyna
331,Thomas
331,Bastian
331,Jan
331,Waldemar
331,Jan
331,Jan
332,Jamila
332,Mohamed
332,Imen
332,Eric
332,Rafik
333,Giovanna
333,Angelo
333,Mariangela
333,Barbara
334,Babak
335,Yotam
335,Pnina
335,Anna
336,Yang
336,Qifan
336,Simon
337,Sven
337,Verena
337,Tobias
337,Daniel
337,Martin
338,Elisabetta
338,Davide
338,Wil
339,Sotiris
339,Evripidis
339,Georgios
339,Nikolaos
340,Anh
340,Kha
340,Vijender
341,Islam
341,Shaukat
341,Inayat
341,Myriam
341,Hela
341,Muhammad
341,Ali
341,Abid
342,Marija
342,Aleksandar
342,Elena
342,Milan
343,Claudio
343,Giovanni
343,Pierluigi
344,Abdulrahman
344,Mohsen
344,Asef
344,Amin
345,Ilaria
345,Emilio
345,Antonio
345,Mattia
345,Luca
345,Alessandro
345,Paolo
346,Ralf
347,Fahad
348,Wolfgang
348,Fabian
348,Maximilian
349,Khadijah
349,Yevgeniya
349,Mohamed
350,Ramamurthy
350,Tarun
350,Giri
351,Gerd
351,Verena
351,Dagmar
351,Andreas
351,Rudolf
351,Stefan
351,Josef
352,Marlon
352,Luciano
352,Joosep
352,Peeter
352,Raimundas
352,Alisa
352,Martin
352,Pille
352,Aivo
352,Reedik
352,Maksym
353,Julia
353,Adriana
353,Bruno
353,Camila
353,Roberta
353,Henrique
353,Janaina
354,Timo
354,Stefan
354,Alexander
354,Max
355,Christoph
355,Udo
355,Matthes
356,Sedat
356,Necmettin
356,Tugba
357,Piergiorgio
357,Francesco
357,Chiara
357,Mauro
357,Chiara
357,Marco
358,Maximilian
358,Ralf
358,Vincent
358,Georgi
358,Jörg
358,Daniel
358,Jan
358,Amy
358,Adela
358,Stefanie
358,Michael
358,Flavia
358,Peter
359,Sven
359,Luise
359,Maximilian
359,Asvin
359,Mathias
360,Arif
360,Desi
361,Kyoung-Sook
361,Dinh-Lam
361,Young-In
361,Kwanghoon
362,Meriem
362,Galena
362,Bálint
363,Reguieg
363,Benallal
364,Sheng
364,Jing
364,Sikandar
364,Hasan
364,Chenhong
364,Zhongguo
365,Assem
365,Aigerim
366,Thomas
366,Steven
366,Katharina
366,Jan
366,Jan
366,Maximilian
366,Michael
367,Dušan
367,Igor
368,Boris
369,Marek
369,Audrone
369,Justyna
370,Leila
370,Mir
370,Afshin
371,Lisa
371,Ashley
372,Amina
372,Khurram
372,Muhammad
373,Adriana
373,Katarína
373,Mária
374,Abir
374,Karim
374,Khalid
375,S.
375,A.
376,Riccardo
376,Chiara
376,Chiara
376,Sergio
377,Vinicius
377,Carla
377,Lucinéia
378,Ingo
378,Bettina
378,André
379,Pedro-Luis
379,David
379,Luis
380,Peter
380,Juraj
380,Miroslav
380,Vladimira
380,Katarina
381,Giuseppe
381,Riccardo
381,Fabrizio
381,Marco
382,Milliam
382,Maurice
382,Clémentin
382,Didier
383,Ronny
383,Lukas
383,Barbara
383,Ralph
384,Leonardo
384,Thanner
384,Marcelo
384,Lucineia
385,Mehtap
385,S.
385,Nazli
386,M.
386,Sanchari
386,Sudhakar
386,Iwin
387,Emir
387,Dragan
387,Ejub
387,Zakaria
388,Feifeng
388,Gang
389,Sharfina
389,Lolanda
389,Nanda
389,Rachmah
390,Khanita
391,Alexandra
391,Xiomara
391,Juan
391,Alberto
392,Giacomo
393,Christos
393,Aimilios
393,Panagiotis
394,Diego
394,Vitor
394,Lucineia
395,Juan
395,Yasmin
395,Catherine
396,Johannes
396,Maximilian
397,Mariela
397,Melissa
397,Gino
398,Michael
398,Itilekha
398,Udo
398,Murad
399,Johannes
399,Bernadette
399,Uwe
400,Hansell
400,Mirko
400,Juan
400,Alberto
401,Andrianto
401,Harjanto
401,Wibowo
401,Rano
401,Viany
402,Shinobu
403,Peng
403,Shu
404,Juan
404,Mauricio
404,Alexander
405,NAN
406,Kristo
406,Riccardo
406,Ahmed
407,Konstantinos
407,Georgia
407,Anastasios
408,Felipe
408,Marcio
408,Simone
409,Denis
409,Leticia
409,Aitor
409,Patxi
409,Juan
410,Pravek
410,Tushar
410,Aarti
410,Charu
411,Eashwar
411,Paras
411,Geetha
412,Monika
413,Mariano
413,Raquel
413,Toacy
